,worker,pretest,posttest,video,studentGender,like,helpGen,helpOthers
0,A3908297ZI3LES,0.105263157895,0.0,https://www.youtube.com/embed/oo0IlwM4IJA,1,2,2,2
1,A2C84QVRK3KG57,0.0,0.0,Videos/3ZSANO2JCF677BM1672I9LFGILHSF0/LogMath12-22-2015.webm,1,1,3,2
2,A3IDAO8T75VO3Z,0.210526315789,0.263157894737,https://www.youtube.com/embed/eafkjJPwfp4,0,4,3,4
3,A1CX684F5TEO5W,0.0,0.210526315789,https://www.youtube.com/embed/b3C6N1ytVfE,0,4,2,3
4,A3HHDPKL3O3O7Y,0.263157894737,0.263157894737,Videos/3GFK2QRXX9G8CVALK0ZAKYROZ4HW5I/logbase3of1.mp4,1,2,1,2
5,A1FS8SBR4SDWYG,0.105263157895,0.105263157895,https://www.youtube.com/embed/dsDh6cYWsfU,1,4,3,2
6,AHYP2FNFSIYM,0.789473684211,0.947368421053,https://www.youtube.com/embed/eafkjJPwfp4,1,3,2,2
7,ADOVF9SBJJK33,0.105263157895,0.210526315789,https://www.youtube.com/embed/b3C6N1ytVfE,0,3,3,3
8,A1XLJITNEP7KED,0.157894736842,0.0526315789474,https://www.youtube.com/embed/oo0IlwM4IJA,1,3,3,3
9,A35ENMEF2FYVHY,0.210526315789,0.0526315789474,Videos/3NQL1CS15R7TZUK05SZB9T63NW6YV5/12.m4v,1,4,3,3
10,A30KYQGABO7JER,1.0,0.947368421053,Videos/3LRKMWOKB5GK7TW3D4HJLVIUWSO2ZZ/log10_1000.mp4,1,2,2,2
11,A3QNCW3LR2AVOV,0.157894736842,0.315789473684,https://www.youtube.com/embed/TvTtOJ_cYVM,0,2,2,2
12,AO33H4GL9KZX9,0.0526315789474,0.157894736842,https://www.youtube.com/embed/eafkjJPwfp4,0,1,2,2
13,A1830YARZUAFPX,0.0526315789474,0.0526315789474,https://www.youtube.com/embed/TvTtOJ_cYVM,0,5,3,3
14,AASEV0P4KJRAL,0.0526315789474,0.105263157895,https://www.youtube.com/embed/mfzhcBRKoEE,0,4,3,2
15,A1BIZVZ6ZQPPQP,0.263157894737,0.157894736842,Videos/3VSOLARPKB8UMKA9D61PRHLTN6H39J/Math%2BSolve5.mp4,1,3,3,3
16,A2ZX5TLZPAQ2XD,0.0526315789474,0.0526315789474,https://www.youtube.com/embed/oo0IlwM4IJA,1,5,3,2
17,A2UF26QQNQOFCZ,0.315789473684,0.578947368421,https://www.youtube.com/embed/dsDh6cYWsfU,0,4,3,3
18,A25PFSORDO3SWQ,0.421052631579,0.473684210526,https://www.youtube.com/embed/Q1xnNrq9Hh0,0,3,3,2
19,A2M1CVZZJAN4T4,1.0,1.0,Videos/3HHRAGRYX84J893VW4LHFKJ4IUIO9Y/VID_20151221_154615.mp4,0,4,3,3
20,A24FB6EEAEZKA4,0.526315789474,0.947368421053,https://www.youtube.com/embed/dsDh6cYWsfU,1,4,3,4
21,A2LO2DX6H49IKW,0.0,0.0,Videos/3NQL1CS15R7TZUK05SZB9T63NW6YV5/12.m4v,0,2,2,3
22,A2K2BV94DU7U1B,0.210526315789,0.263157894737,https://www.youtube.com/embed/oo0IlwM4IJA,0,4,3,3
23,A3AM9JHTS7537G,0.105263157895,0.0,Videos/369J354OFD98YDKZAE5XQ1J01986GB/final%2Bupload.mp4,0,5,3,3
24,A1J2LOGAGQ7HNT,0.157894736842,0.368421052632,Videos/3NQL1CS15R7TZUK05SZB9T63NW6YV5/12.m4v,0,2,2,2
25,A121DO2TIST9HD,0.0,0.0526315789474,https://www.youtube.com/embed/TvTtOJ_cYVM,0,4,3,3
26,A3B8DP6KHMP3OS,0.894736842105,0.947368421053,Videos/3ZSANO2JCF677BM1672I9LFGILHSF0/LogMath12-22-2015.webm,1,4,3,3
27,A1VC6F0FYG1L5I,0.105263157895,0.105263157895,Videos/3HHRAGRYX84J893VW4LHFKJ4IUIO9Y/VID_20151221_154615.mp4,1,2,2,2
28,A1P7ZED14W8QPK,0.0,0.0,https://www.youtube.com/embed/dsDh6cYWsfU,0,4,3,3
29,A4KXK34AMY5D1,0.578947368421,0.210526315789,https://www.youtube.com/embed/TvTtOJ_cYVM,1,4,3,3
30,AF3K80U0YQJMZ,0.947368421053,0.368421052632,https://www.youtube.com/embed/oo0IlwM4IJA,0,5,3,3
31,A1H7XQCN2TQJM7,0.263157894737,0.210526315789,Videos/3NQL1CS15R7TZUK05SZB9T63NW6YV5/12.m4v,1,3,2,2
32,AMV6J6DQZ4JAC,0.947368421053,0.947368421053,https://www.youtube.com/embed/TvTtOJ_cYVM,0,5,3,3
33,A1KK0TJ0ZHCPMZ,0.210526315789,0.157894736842,Videos/3NQL1CS15R7TZUK05SZB9T63NW6YV5/12.m4v,0,2,2,2
34,AV7UX8QQXABSK,0.210526315789,0.157894736842,https://www.youtube.com/embed/dsDh6cYWsfU,0,5,4,4
35,A2LR1HKNOVDTJ8,0.210526315789,0.315789473684,Videos/3LRKMWOKB5GK7TW3D4HJLVIUWSO2ZZ/log10_1000.mp4,0,1,2,2
36,A2L7526AZHIS94,1.0,1.0,https://www.youtube.com/embed/b3C6N1ytVfE,0,4,3,4
37,A1KXESMB9K7504,0.0,0.0526315789474,https://www.youtube.com/embed/Q1xnNrq9Hh0,0,3,2,2
38,A2EFD7AW29IXUR,0.105263157895,0.105263157895,https://www.youtube.com/embed/mfzhcBRKoEE,0,2,2,2
39,A3HWJUL2SS2QNT,0.0526315789474,0.0,https://www.youtube.com/embed/dsDh6cYWsfU,0,2,1,3
40,A2FF64MZ7SLJ96,0.842105263158,0.578947368421,Videos/3NQL1CS15R7TZUK05SZB9T63NW6YV5/12.m4v,1,4,2,2
41,A1XVEKS9O73ERE,0.0526315789474,0.157894736842,https://www.youtube.com/embed/Q1xnNrq9Hh0,1,1,1,1
42,A3K78ZN2UFJ2W7,0.315789473684,0.210526315789,Videos/3PXX5PX6LXXDUYORK5UV5VUPHDHBAW/10.m4v,1,3,3,3
43,A38XRCVYVF4A31,0.0,0.0526315789474,Videos/3NQL1CS15R7TZUK05SZB9T63NW6YV5/12.m4v,0,1,2,1
44,A119HGIIP705F1,0.157894736842,0.368421052632,Videos/3ZSANO2JCF677BM1672I9LFGILHSF0/LogMath12-22-2015.webm,0,5,4,3
45,A2QJP5BZ7B523H,0.210526315789,0.368421052632,https://www.youtube.com/embed/eafkjJPwfp4,0,4,1,2
46,A3PLJLUKN3PEA2,0.105263157895,0.0526315789474,https://www.youtube.com/embed/Q1xnNrq9Hh0,1,1,1,1
47,A2DAEM674ZDADH,0.157894736842,0.263157894737,Videos/3HHRAGRYX84J893VW4LHFKJ4IUIO9Y/VID_20151221_154615.mp4,1,4,4,4
48,AOMFEAWQHU3D8,0.421052631579,0.789473684211,Videos/3PXX5PX6LXXDUYORK5UV5VUPHDHBAW/10.m4v,1,4,3,3
49,AQBA0DWTNZ0BH,0.263157894737,0.473684210526,https://www.youtube.com/embed/oo0IlwM4IJA,1,1,2,2
50,AY4QOQCWAJ0RN,0.894736842105,0.947368421053,Videos/3GFK2QRXX9G8CVALK0ZAKYROZ4HW5I/logbase3of1.mp4,0,5,3,4
51,A3S3YW7ZDE7BS,0.0,0.157894736842,https://www.youtube.com/embed/b3C6N1ytVfE,0,3,2,2
52,A1B9K6C32TDUX,0.210526315789,0.368421052632,Videos/3LRKMWOKB5GK7TW3D4HJLVIUWSO2ZZ/log10_1000.mp4,0,3,2,2
53,A21SKPG3AVLBX3,0.0526315789474,0.210526315789,https://www.youtube.com/embed/mfzhcBRKoEE,0,1,1,1
54,AA9FP6MP1EW82,0.0,0.105263157895,Videos/3HHRAGRYX84J893VW4LHFKJ4IUIO9Y/VID_20151221_154615.mp4,1,1,1,1
55,A24DSECWUBZC0Z,0.263157894737,0.157894736842,https://www.youtube.com/embed/b3C6N1ytVfE,0,3,4,3
56,A11UOM2LJ69AE7,1.0,1.0,https://www.youtube.com/embed/dsDh6cYWsfU,0,3,2,2
57,A24B5UF6RMHYGX,0.0,0.0,https://www.youtube.com/embed/b3C6N1ytVfE,1,5,3,1
58,A2KW6SFLD02IBV,0.157894736842,0.263157894737,Videos/3NQL1CS15R7TZUK05SZB9T63NW6YV5/12.m4v,1,3,1,2
59,A3RU8YSS9D2LR2,0.315789473684,0.473684210526,Videos/3ZSANO2JCF677BM1672I9LFGILHSF0/LogMath12-22-2015.webm,1,5,4,4
60,AO0TFOOTUE7DI,0.526315789474,0.684210526316,Videos/3ZSANO2JCF677BM1672I9LFGILHSF0/LogMath12-22-2015.webm,0,2,3,3
61,A3MBWINNTOZPQ8,0.0,0.0,Videos/3GFK2QRXX9G8CVALK0ZAKYROZ4HW5I/logbase3of1.mp4,0,5,3,2
62,AMV1E7FFPVAW4,1.0,1.0,Videos/3NQL1CS15R7TZUK05SZB9T63NW6YV5/12.m4v,1,3,2,3
63,A2BIL7Y1AL14X6,1.0,0.842105263158,https://www.youtube.com/embed/eafkjJPwfp4,0,3,2,2
64,A2XLM2JZ0A2J8R,0.263157894737,0.736842105263,https://www.youtube.com/embed/UH1wxKd_nT4,1,5,4,4
65,A1ZUG1RU6O9FYF,0.210526315789,0.578947368421,Videos/3LRKMWOKB5GK7TW3D4HJLVIUWSO2ZZ/log10_1000.mp4,1,3,2,2
66,A2C4TIPOKVTIJ2,0.315789473684,0.157894736842,https://www.youtube.com/embed/b3C6N1ytVfE,1,4,2,3
67,A3PIQY6PK42RIS,0.0526315789474,0.0,https://www.youtube.com/embed/t0untxpZAv0,0,4,3,4
68,A2ETARP95NIALM,0.263157894737,0.0,https://www.youtube.com/embed/dsDh6cYWsfU,1,4,3,4
69,A3NLOUDYXUZ2NT,0.684210526316,0.473684210526,https://www.youtube.com/embed/mfzhcBRKoEE,1,2,2,2
70,A255LLTBJM2NVR,0.105263157895,0.105263157895,https://www.youtube.com/embed/UH1wxKd_nT4,0,3,2,2
71,A2W121DQXNQK1,0.0,0.631578947368,https://www.youtube.com/embed/mfzhcBRKoEE,0,4,3,2
72,A38QGJJOZANQ4B,0.0,0.0,Videos/3PXX5PX6LXXDUYORK5UV5VUPHDHBAW/10.m4v,0,2,2,3
73,A14WKZP2PHLUFT,0.157894736842,0.578947368421,https://www.youtube.com/embed/eafkjJPwfp4,2,4,3,3
74,A29RTM0C6FDCYW,0.368421052632,0.684210526316,https://www.youtube.com/embed/UH1wxKd_nT4,1,1,1,3
75,A2VPCWI6X1QCDF,0.0,0.210526315789,https://www.youtube.com/embed/b3C6N1ytVfE,1,4,4,3
76,A1P2W5JU84KTKO,0.0526315789474,0.0,Videos/369J354OFD98YDKZAE5XQ1J01986GB/final%2Bupload.mp4,0,4,2,3
77,ALSPLE0B3FHKO,0.315789473684,0.157894736842,https://www.youtube.com/embed/Q1xnNrq9Hh0,1,2,1,1
78,A1QRX4YCTC5ADW,0.0526315789474,0.0526315789474,Videos/3GFK2QRXX9G8CVALK0ZAKYROZ4HW5I/logbase3of1.mp4,1,5,2,2
79,A2MM10557W7PLD,0.0526315789474,0.105263157895,Videos/3HHRAGRYX84J893VW4LHFKJ4IUIO9Y/VID_20151221_154615.mp4,0,1,1,2
80,A26CMSTDIQ55X8,0.210526315789,0.842105263158,Videos/3LRKMWOKB5GK7TW3D4HJLVIUWSO2ZZ/log10_1000.mp4,0,2,3,3
81,AJM4334V07JDQ,0.526315789474,0.631578947368,https://www.youtube.com/embed/TvTtOJ_cYVM,0,1,3,3
82,A317RA15E0SZ4P,0.0,0.263157894737,https://www.youtube.com/embed/b3C6N1ytVfE,0,5,4,4
83,A2M926W9I0CP93,0.105263157895,0.526315789474,https://www.youtube.com/embed/dsDh6cYWsfU,1,3,2,2
84,A3QPB9MAFFMRFR,0.684210526316,0.684210526316,https://www.youtube.com/embed/Q1xnNrq9Hh0,0,3,3,3
85,A205N2LYF7T1LM,0.631578947368,0.842105263158,https://www.youtube.com/embed/UH1wxKd_nT4,1,2,2,2
86,AXIAQKIOWWJ5C,0.0526315789474,0.0526315789474,https://www.youtube.com/embed/UH1wxKd_nT4,0,4,3,3
87,A2RERBGRTEWXK4,0.684210526316,0.842105263158,Videos/3NQL1CS15R7TZUK05SZB9T63NW6YV5/12.m4v,0,3,3,2
88,AS1FX27IZDP8Q,0.105263157895,0.0526315789474,Videos/3ZSANO2JCF677BM1672I9LFGILHSF0/LogMath12-22-2015.webm,1,4,3,3
89,A1MRNA5HYVK8T6,0.736842105263,0.157894736842,https://www.youtube.com/embed/oo0IlwM4IJA,1,3,2,2
90,A3GM1ALJEW98WN,0.105263157895,0.157894736842,Videos/3LRKMWOKB5GK7TW3D4HJLVIUWSO2ZZ/log10_1000.mp4,0,4,3,3
91,A256TEBRYMUPN2,0.105263157895,0.105263157895,Videos/3GFK2QRXX9G8CVALK0ZAKYROZ4HW5I/logbase3of1.mp4,0,3,3,2
92,ACW6VML2UAMYC,0.947368421053,1.0,Videos/3ZSANO2JCF677BM1672I9LFGILHSF0/LogMath12-22-2015.webm,1,4,2,3
93,A39GADIK8RLMVC,0.263157894737,0.263157894737,https://www.youtube.com/embed/dsDh6cYWsfU,0,3,3,3
94,A20FCMWP43CVIU,0.0526315789474,0.473684210526,Videos/3ZSANO2JCF677BM1672I9LFGILHSF0/LogMath12-22-2015.webm,1,4,2,3
95,A1IZ4NX41GKU4X,0.0,0.157894736842,https://www.youtube.com/embed/eafkjJPwfp4,0,4,2,3
96,A11BSFO4LMHPXQ,0.0,0.263157894737,https://www.youtube.com/embed/b3C6N1ytVfE,1,3,2,2
97,ATC53PJHYR7Q2,0.105263157895,0.894736842105,https://www.youtube.com/embed/mfzhcBRKoEE,1,2,3,3
98,ASXFMHGSF0GU6,0.105263157895,0.105263157895,https://www.youtube.com/embed/eafkjJPwfp4,1,2,2,2
99,A2VGEE0ZIZ8CBQ,0.526315789474,0.421052631579,https://www.youtube.com/embed/b3C6N1ytVfE,0,3,3,3
100,A3ESZWJBD8M1Z,0.263157894737,0.421052631579,Videos/3PXX5PX6LXXDUYORK5UV5VUPHDHBAW/10.m4v,0,3,2,2
101,A182YKPS46KE9F,0.368421052632,0.578947368421,https://www.youtube.com/embed/TvTtOJ_cYVM,0,3,2,2
102,A16Q6G60MKA27F,0.157894736842,0.263157894737,https://www.youtube.com/embed/Q1xnNrq9Hh0,1,1,1,1
103,A32AD7B4NW4W0D,0.315789473684,0.315789473684,https://www.youtube.com/embed/oo0IlwM4IJA,1,1,1,1
104,A2LTOS0AZ3B28A,0.105263157895,0.210526315789,https://www.youtube.com/embed/b3C6N1ytVfE,1,5,4,4
105,A2HZYWOCTLWJMP,0.105263157895,0.105263157895,https://www.youtube.com/embed/Q1xnNrq9Hh0,1,3,2,2
106,A26A4HEBGP2MOX,0.0526315789474,0.0526315789474,Videos/3HHRAGRYX84J893VW4LHFKJ4IUIO9Y/VID_20151221_154615.mp4,0,2,1,2
107,A3OB6REG5CGHK1,0.0526315789474,0.105263157895,https://www.youtube.com/embed/mfzhcBRKoEE,0,2,1,2
108,A22TE376NX0MEH,0.0526315789474,0.368421052632,https://www.youtube.com/embed/b3C6N1ytVfE,1,5,4,3
109,A1UK8S8R5QYL6D,0.0,0.157894736842,https://www.youtube.com/embed/TvTtOJ_cYVM,1,1,1,2
110,ATMC8APF2W5HN,0.736842105263,0.789473684211,Videos/3LRKMWOKB5GK7TW3D4HJLVIUWSO2ZZ/log10_1000.mp4,1,5,4,4
111,A2JTSKVT0ZDDYQ,0.789473684211,0.947368421053,https://www.youtube.com/embed/eafkjJPwfp4,1,2,4,3
112,A1ZH3ZHSDR0EDZ,0.789473684211,0.789473684211,https://www.youtube.com/embed/mfzhcBRKoEE,0,4,3,2
113,A1ZY2UA462KD1T,0.157894736842,0.210526315789,https://www.youtube.com/embed/dsDh6cYWsfU,1,3,3,3
114,A2QTWQ0NUH4DF5,0.368421052632,0.473684210526,Videos/3HHRAGRYX84J893VW4LHFKJ4IUIO9Y/VID_20151221_154615.mp4,1,3,2,2
115,A1HHOCO3ZZHCJZ,0.0,0.105263157895,Videos/3ZSANO2JCF677BM1672I9LFGILHSF0/LogMath12-22-2015.webm,1,3,2,2
116,A2OPXP2PFH9YE4,0.421052631579,0.263157894737,https://www.youtube.com/embed/mfzhcBRKoEE,1,5,3,4
117,A3G54XNAOAH5R1,0.263157894737,0.315789473684,https://www.youtube.com/embed/b3C6N1ytVfE,1,4,3,3
118,A3RZLDKSVK9W3N,0.0526315789474,0.157894736842,Videos/3GFK2QRXX9G8CVALK0ZAKYROZ4HW5I/logbase3of1.mp4,1,5,2,4
119,A1EPMMBGWO9XEM,0.421052631579,0.526315789474,Videos/3LRKMWOKB5GK7TW3D4HJLVIUWSO2ZZ/log10_1000.mp4,0,5,4,4
120,A1YWFCK3RCD4Q1,0.105263157895,0.315789473684,Videos/3GFK2QRXX9G8CVALK0ZAKYROZ4HW5I/logbase3of1.mp4,0,5,4,4
121,A3CH9HIJYYV83B,0.105263157895,0.473684210526,https://www.youtube.com/embed/dsDh6cYWsfU,1,5,4,4
122,A9ZKX0BIO0JT9,0.947368421053,0.894736842105,https://www.youtube.com/embed/eafkjJPwfp4,0,4,3,3
123,A2EUXA84IMO859,0.105263157895,0.157894736842,https://www.youtube.com/embed/Q1xnNrq9Hh0,1,1,1,2
124,AREQ43Q0T8ENT,0.842105263158,0.947368421053,Videos/3NQL1CS15R7TZUK05SZB9T63NW6YV5/12.m4v,0,3,3,3
125,A3T28DG3C0WXZ3,0.105263157895,0.210526315789,Videos/3NQL1CS15R7TZUK05SZB9T63NW6YV5/12.m4v,1,1,2,2
126,A25SGBOJZLYBJO,0.526315789474,0.578947368421,Videos/3GFK2QRXX9G8CVALK0ZAKYROZ4HW5I/logbase3of1.mp4,0,5,4,4
127,A3BDC8YBX9305W,0.894736842105,1.0,https://www.youtube.com/embed/dsDh6cYWsfU,0,5,3,4
128,A237SO0Y2E3XFT,0.210526315789,0.263157894737,https://www.youtube.com/embed/dsDh6cYWsfU,1,4,3,3
129,ADEUJ6W4KFXAK,0.421052631579,0.157894736842,https://www.youtube.com/embed/oo0IlwM4IJA,1,1,1,1
130,A3D8ZG1VV5FO35,0.210526315789,0.473684210526,https://www.youtube.com/embed/Q1xnNrq9Hh0,1,1,1,2
131,A27CG5U9B8H3N6,0.315789473684,0.157894736842,https://www.youtube.com/embed/t0untxpZAv0,1,2,1,2
132,A3FFZN4FO3Q789,0.0,0.157894736842,https://www.youtube.com/embed/mfzhcBRKoEE,0,2,1,2
133,ACGZDI611LU0I,1.0,1.0,Videos/3PXX5PX6LXXDUYORK5UV5VUPHDHBAW/10.m4v,0,1,1,1
134,A2WWYVKGZZXBOB,0.0,0.0,https://www.youtube.com/embed/t0untxpZAv0,0,1,1,1
135,ADOVF9SBJJK33,0.157894736842,0.157894736842,Videos/3HHRAGRYX84J893VW4LHFKJ4IUIO9Y/VID_20151221_154615.mp4,0,3,2,2
136,AHYP2FNFSIYM,0.789473684211,1.0,Videos/3ZSANO2JCF677BM1672I9LFGILHSF0/LogMath12-22-2015.webm,1,4,3,3
137,A2F2DDH12YU4AK,1.0,0.947368421053,https://www.youtube.com/embed/oo0IlwM4IJA,0,1,1,2
138,A1L3937MY09J3I,0.473684210526,0.473684210526,https://www.youtube.com/embed/mfzhcBRKoEE,0,2,2,2
139,A3F51C49T9A34D,0.473684210526,0.631578947368,Videos/3HHRAGRYX84J893VW4LHFKJ4IUIO9Y/VID_20151221_154615.mp4,0,2,2,2
140,A30KYQGABO7JER,0.947368421053,0.947368421053,Videos/3GFK2QRXX9G8CVALK0ZAKYROZ4HW5I/logbase3of1.mp4,1,5,3,3
141,AWSXWPJJPYFMN,0.0,0.105263157895,https://www.youtube.com/embed/b3C6N1ytVfE,0,3,4,3
142,AA4O2W236E3FW,0.105263157895,0.157894736842,https://www.youtube.com/embed/Q1xnNrq9Hh0,1,2,2,2
143,A1OXBE8DAVM57P,1.0,0.894736842105,Videos/3GFK2QRXX9G8CVALK0ZAKYROZ4HW5I/logbase3of1.mp4,0,3,2,3
144,A2JZTBEU8B8MXW,0.315789473684,0.157894736842,https://www.youtube.com/embed/t0untxpZAv0,0,4,3,3
145,AAJZ7OX710SZV,0.157894736842,0.315789473684,https://www.youtube.com/embed/t0untxpZAv0,0,5,3,4
146,A1FS8SBR4SDWYG,0.0,0.0,https://www.youtube.com/embed/UH1wxKd_nT4,0,4,3,3
147,A25PFSORDO3SWQ,0.421052631579,0.473684210526,https://www.youtube.com/embed/TvTtOJ_cYVM,0,2,2,2
148,A3KE7OXK8J5QAD,0.263157894737,0.526315789474,https://www.youtube.com/embed/dsDh6cYWsfU,0,4,3,3
149,A2LO2DX6H49IKW,0.0,0.0,Videos/3VSOLARPKB8UMKA9D61PRHLTN6H39J/Math%2BSolve5.mp4,0,2,1,2
150,A1PLQGQ95NICAF,0.105263157895,0.157894736842,https://www.youtube.com/embed/oo0IlwM4IJA,0,4,2,2
151,AH3OMGT9KVYA3,0.157894736842,0.368421052632,https://www.youtube.com/embed/oo0IlwM4IJA,1,1,1,1
152,AYJDIMKGMGCF9,0.894736842105,1.0,Videos/3HHRAGRYX84J893VW4LHFKJ4IUIO9Y/VID_20151221_154615.mp4,1,4,3,3
153,AASEV0P4KJRAL,0.0526315789474,0.0526315789474,https://www.youtube.com/embed/Q1xnNrq9Hh0,0,5,3,3
154,A1LD9ZQ3XTCWUN,0.473684210526,0.473684210526,https://www.youtube.com/embed/eafkjJPwfp4,1,3,2,2
155,A3N63NZWJ6CHH4,0.157894736842,0.210526315789,https://www.youtube.com/embed/b3C6N1ytVfE,1,4,3,3
156,A3GM1ALJEW98WN,0.0,0.0,https://www.youtube.com/embed/UH1wxKd_nT4,0,4,3,3
157,A3UZL87YM7PTB1,0.315789473684,0.263157894737,https://www.youtube.com/embed/oo0IlwM4IJA,1,5,2,3
158,A3E9B8ICQV4SF8,0.315789473684,0.263157894737,https://www.youtube.com/embed/Q1xnNrq9Hh0,0,4,2,3
159,A277V4SHQB8JRS,0.842105263158,1.0,https://www.youtube.com/embed/dsDh6cYWsfU,0,3,2,2
160,A1C7UV2UT2S9T7,0.210526315789,0.157894736842,Videos/3ZSANO2JCF677BM1672I9LFGILHSF0/LogMath12-22-2015.webm,0,4,3,3
161,A3AM9JHTS7537G,0.0,0.0526315789474,https://www.youtube.com/embed/UH1wxKd_nT4,0,4,3,3
162,ARJ8XLYXTWNE,0.0526315789474,0.473684210526,https://www.youtube.com/embed/mfzhcBRKoEE,1,2,2,1
163,A1E77HZO63E334,0.263157894737,0.368421052632,Videos/3PXX5PX6LXXDUYORK5UV5VUPHDHBAW/10.m4v,0,2,1,1
164,AAF1SJ9FCBF75,1.0,1.0,Videos/3PXX5PX6LXXDUYORK5UV5VUPHDHBAW/10.m4v,0,1,1,1
165,A1VC6F0FYG1L5I,0.0526315789474,0.105263157895,https://www.youtube.com/embed/TvTtOJ_cYVM,1,1,1,1
166,AV7UX8QQXABSK,0.210526315789,0.157894736842,https://www.youtube.com/embed/dsDh6cYWsfU,0,3,3,4
167,A2L7526AZHIS94,1.0,1.0,Videos/3PXX5PX6LXXDUYORK5UV5VUPHDHBAW/10.m4v,0,2,2,2
168,A3HWJUL2SS2QNT,0.0,0.0,https://www.youtube.com/embed/oo0IlwM4IJA,0,2,2,3
169,A2EFD7AW29IXUR,0.210526315789,0.210526315789,https://www.youtube.com/embed/mfzhcBRKoEE,0,2,2,2
170,A2ETARP95NIALM,0.0526315789474,0.0526315789474,https://www.youtube.com/embed/t0untxpZAv0,1,4,4,4
171,A1WXPOLDS1Y9R4,0.0,0.0,https://www.youtube.com/embed/mfzhcBRKoEE,0,5,2,2
172,A2FF64MZ7SLJ96,0.789473684211,0.842105263158,https://www.youtube.com/embed/b3C6N1ytVfE,1,5,2,2
173,A2GG7HIO2OIXUR,0.263157894737,0.526315789474,Videos/3GFK2QRXX9G8CVALK0ZAKYROZ4HW5I/logbase3of1.mp4,1,5,4,4
174,A2WQKPQT9DHBJK,0.368421052632,0.368421052632,https://www.youtube.com/embed/mfzhcBRKoEE,0,4,2,3
175,A1QRX4YCTC5ADW,0.0526315789474,0.105263157895,https://www.youtube.com/embed/b3C6N1ytVfE,1,4,1,2
176,A21SKPG3AVLBX3,0.0526315789474,0.157894736842,https://www.youtube.com/embed/dsDh6cYWsfU,0,4,3,3
177,A11UOM2LJ69AE7,1.0,1.0,https://www.youtube.com/embed/TvTtOJ_cYVM,0,3,3,3
178,A3RU8YSS9D2LR2,0.368421052632,0.368421052632,Videos/3GFK2QRXX9G8CVALK0ZAKYROZ4HW5I/logbase3of1.mp4,1,5,4,4
179,A2BIL7Y1AL14X6,0.947368421053,0.789473684211,https://www.youtube.com/embed/mfzhcBRKoEE,0,3,2,2
180,A1IZ4NX41GKU4X,0.210526315789,0.0,https://www.youtube.com/embed/TvTtOJ_cYVM,0,1,2,2
181,APHF6Z7738OYK,0.0,0.0,https://www.youtube.com/embed/oo0IlwM4IJA,1,2,2,2
182,A182YKPS46KE9F,0.473684210526,0.578947368421,https://www.youtube.com/embed/mfzhcBRKoEE,0,1,2,2
183,A255LLTBJM2NVR,0.105263157895,0.263157894737,https://www.youtube.com/embed/Q1xnNrq9Hh0,1,4,3,3
184,A3S5ZB4D98JWT1,0.105263157895,0.0526315789474,Videos/3HHRAGRYX84J893VW4LHFKJ4IUIO9Y/VID_20151221_154615.mp4,1,1,1,1
185,A2HZYWOCTLWJMP,0.0526315789474,0.0,Videos/3HHRAGRYX84J893VW4LHFKJ4IUIO9Y/VID_20151221_154615.mp4,1,3,2,2
186,A1MRBBA2OLM223,0.157894736842,0.210526315789,https://www.youtube.com/embed/oo0IlwM4IJA,1,2,2,1
187,AOMFEAWQHU3D8,0.842105263158,0.736842105263,https://www.youtube.com/embed/TvTtOJ_cYVM,1,4,3,3
188,AM4X9TS0Y5WYA,0.315789473684,0.368421052632,https://www.youtube.com/embed/Q1xnNrq9Hh0,0,1,2,2
189,A26MBDTQFO09BN,0.210526315789,0.684210526316,https://www.youtube.com/embed/eafkjJPwfp4,0,4,3,3
190,ATMC8APF2W5HN,0.526315789474,0.894736842105,https://www.youtube.com/embed/eafkjJPwfp4,1,4,3,3
191,A3RH36PH42W4BG,0.0,0.0,https://www.youtube.com/embed/Q1xnNrq9Hh0,1,1,1,2
192,A2MM10557W7PLD,0.0526315789474,0.0,Videos/3ZSANO2JCF677BM1672I9LFGILHSF0/LogMath12-22-2015.webm,0,2,2,2
193,A3FAQHVPI8OUP0,0.421052631579,0.526315789474,Videos/3ZSANO2JCF677BM1672I9LFGILHSF0/LogMath12-22-2015.webm,0,5,3,3
194,ACW6VML2UAMYC,1.0,0.894736842105,https://www.youtube.com/embed/oo0IlwM4IJA,1,2,3,2
195,A205N2LYF7T1LM,0.894736842105,0.947368421053,Videos/3VSOLARPKB8UMKA9D61PRHLTN6H39J/Math%2BSolve5.mp4,1,1,2,2
196,A26CMSTDIQ55X8,0.736842105263,1.0,https://www.youtube.com/embed/mfzhcBRKoEE,0,5,4,2
197,A3FIFNF0G27JS0,0.315789473684,0.736842105263,https://www.youtube.com/embed/Q1xnNrq9Hh0,0,2,2,2
198,A256TEBRYMUPN2,0.0526315789474,0.157894736842,Videos/3NQL1CS15R7TZUK05SZB9T63NW6YV5/12.m4v,0,2,2,1
199,A24O3ZRQ9MEAHN,0.368421052632,0.368421052632,https://www.youtube.com/embed/UH1wxKd_nT4,1,3,2,3
200,A2H3SS09RJOIML,0.526315789474,0.894736842105,https://www.youtube.com/embed/b3C6N1ytVfE,0,4,3,3
201,A1NTZ2XCWWT6E5,0.684210526316,0.894736842105,https://www.youtube.com/embed/TvTtOJ_cYVM,1,2,2,3
202,AXQAPTJ3L58OP,0.0,0.105263157895,Videos/3GFK2QRXX9G8CVALK0ZAKYROZ4HW5I/logbase3of1.mp4,0,3,2,2
203,A1MRNA5HYVK8T6,0.894736842105,0.894736842105,https://www.youtube.com/embed/mfzhcBRKoEE,1,4,2,3
204,AZ6M0MDK5U9N2,0.894736842105,1.0,https://www.youtube.com/embed/Q1xnNrq9Hh0,0,2,2,2
205,A220IYK8HMQK38,0.526315789474,0.526315789474,https://www.youtube.com/embed/UH1wxKd_nT4,1,4,3,3
206,AO0TFOOTUE7DI,0.526315789474,0.894736842105,https://www.youtube.com/embed/t0untxpZAv0,0,3,3,3
207,A1NI2S8SAL9I3Q,0.0526315789474,0.0526315789474,Videos/3PXX5PX6LXXDUYORK5UV5VUPHDHBAW/10.m4v,1,4,3,4
208,A1EPMMBGWO9XEM,0.421052631579,0.421052631579,Videos/3ZSANO2JCF677BM1672I9LFGILHSF0/LogMath12-22-2015.webm,0,4,3,2
209,A1RTDS32YG11QZ,0.105263157895,0.263157894737,Videos/3ZSANO2JCF677BM1672I9LFGILHSF0/LogMath12-22-2015.webm,0,2,3,4
210,A15340BRCER2UO,0.0526315789474,0.105263157895,Videos/3GFK2QRXX9G8CVALK0ZAKYROZ4HW5I/logbase3of1.mp4,0,3,2,2
211,A29WYPB4EFPY5I,0.0526315789474,0.263157894737,Videos/3NQL1CS15R7TZUK05SZB9T63NW6YV5/12.m4v,0,2,2,2
212,A1JZKK5H7M4V3,0.210526315789,0.105263157895,Videos/3PXX5PX6LXXDUYORK5UV5VUPHDHBAW/10.m4v,1,2,1,1
213,A24TSRMWMYY34N,0.157894736842,0.473684210526,https://www.youtube.com/embed/Q1xnNrq9Hh0,1,2,1,1
214,A2JTSKVT0ZDDYQ,0.894736842105,1.0,https://www.youtube.com/embed/mfzhcBRKoEE,1,4,2,2
215,A13685BFTHLRBB,1.0,1.0,https://www.youtube.com/embed/eafkjJPwfp4,0,4,2,3
216,A165NT5C5RXGJQ,0.684210526316,0.842105263158,Videos/3ZSANO2JCF677BM1672I9LFGILHSF0/LogMath12-22-2015.webm,1,4,3,4
217,A29RTM0C6FDCYW,1.0,1.0,https://www.youtube.com/embed/eafkjJPwfp4,1,2,3,3
218,A2YWS4LU5ATI4Z,0.0,0.0,https://www.youtube.com/embed/eafkjJPwfp4,0,3,3,3
219,A3AKKYZC4JE3UF,0.157894736842,0.157894736842,Videos/3HHRAGRYX84J893VW4LHFKJ4IUIO9Y/VID_20151221_154615.mp4,1,5,3,4
220,A22FYR6PQNQXDA,0.210526315789,0.368421052632,https://www.youtube.com/embed/oo0IlwM4IJA,1,1,1,2
221,A102QYBXJ71RGE,0.157894736842,0.368421052632,Videos/3LRKMWOKB5GK7TW3D4HJLVIUWSO2ZZ/log10_1000.mp4,0,5,4,4
222,A2QTWQ0NUH4DF5,0.526315789474,0.842105263158,https://www.youtube.com/embed/eafkjJPwfp4,1,5,4,3
223,A3D6IPJ4RBCNVY,0.157894736842,0.263157894737,https://www.youtube.com/embed/UH1wxKd_nT4,1,4,2,2
224,ANKDLLQHHM2OH,0.0,0.105263157895,https://www.youtube.com/embed/Q1xnNrq9Hh0,1,1,2,2
225,A16Q6G60MKA27F,0.0526315789474,0.421052631579,https://www.youtube.com/embed/dsDh6cYWsfU,1,5,3,3
226,A20VGO2ZQZA7QH,0.789473684211,1.0,Videos/369J354OFD98YDKZAE5XQ1J01986GB/final%2Bupload.mp4,0,3,2,2
227,A331YX9T3QA1FT,0.0526315789474,0.157894736842,https://www.youtube.com/embed/Q1xnNrq9Hh0,1,1,1,2
228,AISNLDPD2DFEG,0.105263157895,0.105263157895,Videos/3NQL1CS15R7TZUK05SZB9T63NW6YV5/12.m4v,1,3,2,2
229,A3C2RNGDLA3MH,0.105263157895,0.0,Videos/3PXX5PX6LXXDUYORK5UV5VUPHDHBAW/10.m4v,0,1,2,2
230,A2T79473SWZ0L6,0.368421052632,0.315789473684,https://www.youtube.com/embed/t0untxpZAv0,1,2,2,3
231,A4JQ22AKB1Z07,0.789473684211,1.0,https://www.youtube.com/embed/dsDh6cYWsfU,0,3,2,3
232,A5024WK5CE1BT,0.473684210526,0.0,Videos/3VSOLARPKB8UMKA9D61PRHLTN6H39J/Math%2BSolve5.mp4,0,5,4,4
233,AH31QLJ57XC8W,0.157894736842,0.210526315789,https://www.youtube.com/embed/eafkjJPwfp4,1,4,1,3
234,A460DN2EEDJR9,0.842105263158,1.0,https://www.youtube.com/embed/UH1wxKd_nT4,0,2,2,2
235,A2BU52SRBB0TRF,0.263157894737,0.421052631579,Videos/3PXX5PX6LXXDUYORK5UV5VUPHDHBAW/10.m4v,0,2,2,3
236,A3IRQEJDDTCO3K,0.368421052632,0.473684210526,Videos/3LRKMWOKB5GK7TW3D4HJLVIUWSO2ZZ/log10_1000.mp4,1,4,3,3
237,A1XXDPBNE3TW0W,0.0,0.263157894737,Videos/3PXX5PX6LXXDUYORK5UV5VUPHDHBAW/10.m4v,1,3,2,3
238,A2DNWDHMMBSHWT,0.210526315789,0.210526315789,Videos/3NQL1CS15R7TZUK05SZB9T63NW6YV5/12.m4v,1,1,1,1
239,A3FTZV5B9ILQET,0.894736842105,0.947368421053,Videos/3ZSANO2JCF677BM1672I9LFGILHSF0/LogMath12-22-2015.webm,0,2,2,2
240,A2H1QUGX0SOUMH,0.263157894737,0.473684210526,Videos/3ZSANO2JCF677BM1672I9LFGILHSF0/LogMath12-22-2015.webm,0,2,2,2
241,A27CPHULUA76R8,0.0,0.0,https://www.youtube.com/embed/t0untxpZAv0,0,3,2,2
242,A3IBB4TMW0E27,0.263157894737,0.526315789474,https://www.youtube.com/embed/oo0IlwM4IJA,1,1,2,2
243,A1YWFCK3RCD4Q1,0.578947368421,0.368421052632,Videos/3LRKMWOKB5GK7TW3D4HJLVIUWSO2ZZ/log10_1000.mp4,0,1,1,1
244,A1BLWGWNHVC9UT,0.105263157895,0.315789473684,Videos/3GFK2QRXX9G8CVALK0ZAKYROZ4HW5I/logbase3of1.mp4,1,4,3,3
245,A3PZDJLZUDVJMT,0.157894736842,0.210526315789,https://www.youtube.com/embed/t0untxpZAv0,1,3,2,2
246,A3BDC8YBX9305W,0.947368421053,1.0,https://www.youtube.com/embed/oo0IlwM4IJA,0,4,3,4
247,A2OPXP2PFH9YE4,0.736842105263,0.473684210526,https://www.youtube.com/embed/b3C6N1ytVfE,1,4,3,3
248,A1BQ5MCTBPQ71,0.894736842105,0.947368421053,https://www.youtube.com/embed/dsDh6cYWsfU,0,2,3,3
249,AYHCDV18Q2DKV,0.157894736842,0.421052631579,Videos/3LRKMWOKB5GK7TW3D4HJLVIUWSO2ZZ/log10_1000.mp4,1,4,4,3
250,A2JJ6M4XZ9T41H,0.105263157895,0.0526315789474,Videos/3LRKMWOKB5GK7TW3D4HJLVIUWSO2ZZ/log10_1000.mp4,1,3,4,3
251,A18XIQBTQWMWF1,1.0,1.0,Videos/3GFK2QRXX9G8CVALK0ZAKYROZ4HW5I/logbase3of1.mp4,1,3,2,3
252,A2PWE9TKEM99BA,0.684210526316,0.736842105263,https://www.youtube.com/embed/UH1wxKd_nT4,1,2,2,2
253,A66GVEZ7BBLH,1.0,1.0,Videos/3PXX5PX6LXXDUYORK5UV5VUPHDHBAW/10.m4v,1,3,2,2
254,AED2JN9K7JW63,0.157894736842,0.157894736842,https://www.youtube.com/embed/b3C6N1ytVfE,0,3,3,4
255,A16Z9FSSF1X74O,0.105263157895,0.263157894737,https://www.youtube.com/embed/oo0IlwM4IJA,1,2,1,2
256,A33B85TN97HQ33,0.105263157895,0.0526315789474,Videos/3GFK2QRXX9G8CVALK0ZAKYROZ4HW5I/logbase3of1.mp4,1,3,3,2
257,A1SLJKNSNHOJRN,0.0526315789474,0.0,https://www.youtube.com/embed/oo0IlwM4IJA,0,2,2,2
258,AVP2FK6IADFJC,0.578947368421,0.947368421053,https://www.youtube.com/embed/t0untxpZAv0,1,3,4,4
259,A1LQYE18LSZYXW,0.947368421053,0.894736842105,https://www.youtube.com/embed/mfzhcBRKoEE,0,4,2,2
260,A1APGN2Q35YC5N,0.210526315789,0.157894736842,https://www.youtube.com/embed/Q1xnNrq9Hh0,1,1,1,1
261,A1QLESV0SGHG8U,0.263157894737,0.473684210526,Videos/3ZSANO2JCF677BM1672I9LFGILHSF0/LogMath12-22-2015.webm,1,4,3,3
262,ANEHAR7JQLRQK,0.421052631579,0.578947368421,https://www.youtube.com/embed/b3C6N1ytVfE,0,4,3,3
263,A1CN8X5H4E9O69,0.684210526316,0.473684210526,Videos/3LRKMWOKB5GK7TW3D4HJLVIUWSO2ZZ/log10_1000.mp4,1,4,2,3
264,A2PBRGT71DUYOY,0.210526315789,0.789473684211,Videos/3ZSANO2JCF677BM1672I9LFGILHSF0/LogMath12-22-2015.webm,1,3,2,2
265,A3F1N2WUJ49GYE,0.526315789474,0.736842105263,Videos/3LRKMWOKB5GK7TW3D4HJLVIUWSO2ZZ/log10_1000.mp4,1,3,2,2
266,A272X64FOZFYLB,0.789473684211,0.947368421053,Videos/3HHRAGRYX84J893VW4LHFKJ4IUIO9Y/VID_20151221_154615.mp4,0,3,2,2
267,AGKL1HOKIR138,0.105263157895,0.210526315789,https://www.youtube.com/embed/mfzhcBRKoEE,1,4,4,3
268,A1FYFBIFYWTMJS,0.210526315789,0.105263157895,https://www.youtube.com/embed/oo0IlwM4IJA,0,1,1,1
269,A2C84QVRK3KG57,0.0526315789474,0.210526315789,https://www.youtube.com/embed/t0untxpZAv0,1,1,1,1
270,A1STPYX0X942RG,0.157894736842,0.0526315789474,https://www.youtube.com/embed/UH1wxKd_nT4,0,3,3,2
271,AHYP2FNFSIYM,0.842105263158,1.0,https://www.youtube.com/embed/mfzhcBRKoEE,1,4,3,2
272,A2PQV1A2D4CG52,0.210526315789,0.368421052632,https://www.youtube.com/embed/oo0IlwM4IJA,0,5,4,3
273,A1FS8SBR4SDWYG,0.0,0.105263157895,Videos/3HHRAGRYX84J893VW4LHFKJ4IUIO9Y/VID_20151221_154615.mp4,2,1,1,1
274,AXLBUO4KFX78X,0.210526315789,0.0526315789474,https://www.youtube.com/embed/TvTtOJ_cYVM,0,1,3,3
275,AASEV0P4KJRAL,0.157894736842,0.0,https://www.youtube.com/embed/b3C6N1ytVfE,0,4,2,2
276,A30KYQGABO7JER,1.0,1.0,https://www.youtube.com/embed/eafkjJPwfp4,1,5,4,4
277,A25PFSORDO3SWQ,0.315789473684,0.368421052632,Videos/3PXX5PX6LXXDUYORK5UV5VUPHDHBAW/10.m4v,0,2,3,2
278,A2MGH3MBXMKD96,0.157894736842,0.263157894737,https://www.youtube.com/embed/TvTtOJ_cYVM,1,1,1,1
279,A34PZU7S7JCAJO,0.315789473684,0.263157894737,https://www.youtube.com/embed/UH1wxKd_nT4,0,4,3,2
280,AYJEQZWQZ471L,0.473684210526,0.263157894737,https://www.youtube.com/embed/oo0IlwM4IJA,0,4,3,3
281,A27ODHA3747UVP,0.473684210526,0.842105263158,Videos/3LRKMWOKB5GK7TW3D4HJLVIUWSO2ZZ/log10_1000.mp4,0,4,3,3
282,A3F51C49T9A34D,0.421052631579,0.736842105263,https://www.youtube.com/embed/eafkjJPwfp4,0,4,3,3
283,A37VBAMFEQKJO4,0.0,0.578947368421,https://www.youtube.com/embed/b3C6N1ytVfE,0,3,3,3
284,A2R89RXGEVG05I,0.421052631579,0.473684210526,Videos/3HHRAGRYX84J893VW4LHFKJ4IUIO9Y/VID_20151221_154615.mp4,1,1,1,1
285,A37EV8RZ82WT8E,0.263157894737,0.105263157895,https://www.youtube.com/embed/dsDh6cYWsfU,0,4,4,3
286,A3HQ79XXFXL57N,0.421052631579,0.578947368421,https://www.youtube.com/embed/dsDh6cYWsfU,1,4,3,3
287,A3AM9JHTS7537G,0.157894736842,0.0,https://www.youtube.com/embed/oo0IlwM4IJA,0,5,3,3
288,AAV3UOXN5TXAU,0.263157894737,0.368421052632,Videos/3GFK2QRXX9G8CVALK0ZAKYROZ4HW5I/logbase3of1.mp4,1,3,2,2
289,A3E9HBHOGOP9JK,0.263157894737,0.315789473684,https://www.youtube.com/embed/mfzhcBRKoEE,1,2,2,2
290,A3W5BTNHDA9U64,0.368421052632,0.473684210526,Videos/3VSOLARPKB8UMKA9D61PRHLTN6H39J/Math%2BSolve5.mp4,1,4,3,3
291,A3PDN1JTPIMGYR,0.0526315789474,0.473684210526,https://www.youtube.com/embed/TvTtOJ_cYVM,0,4,3,2
292,A121DO2TIST9HD,0.0526315789474,0.0526315789474,https://www.youtube.com/embed/UH1wxKd_nT4,0,5,3,3
293,A348QHHJZ4P0SL,0.315789473684,0.736842105263,Videos/3LRKMWOKB5GK7TW3D4HJLVIUWSO2ZZ/log10_1000.mp4,0,3,2,3
294,A1P7ZED14W8QPK,0.105263157895,0.0,https://www.youtube.com/embed/Q1xnNrq9Hh0,0,4,3,3
295,A39XLBFLSTLS,0.105263157895,0.210526315789,Videos/3NQL1CS15R7TZUK05SZB9T63NW6YV5/12.m4v,0,1,1,2
296,A3B8DP6KHMP3OS,0.842105263158,0.947368421053,https://www.youtube.com/embed/mfzhcBRKoEE,1,4,3,3
297,A1VC6F0FYG1L5I,0.0526315789474,0.105263157895,https://www.youtube.com/embed/mfzhcBRKoEE,1,1,1,2
298,A1MN0DHHHW8VIL,0.947368421053,0.947368421053,https://www.youtube.com/embed/dsDh6cYWsfU,1,4,4,3
299,A1WXPOLDS1Y9R4,0.0526315789474,0.0,https://www.youtube.com/embed/Q1xnNrq9Hh0,0,4,3,2
300,A2IK12OZPQENZP,0.0526315789474,0.0526315789474,Videos/3HHRAGRYX84J893VW4LHFKJ4IUIO9Y/VID_20151221_154615.mp4,1,3,2,2
301,AV7UX8QQXABSK,0.210526315789,0.157894736842,Videos/3PXX5PX6LXXDUYORK5UV5VUPHDHBAW/10.m4v,0,5,4,4
302,A1T208Y507O4RS,0.157894736842,0.105263157895,https://www.youtube.com/embed/oo0IlwM4IJA,1,1,1,1
303,A2ZLJQWCM8KU36,0.0526315789474,0.0,Videos/3LRKMWOKB5GK7TW3D4HJLVIUWSO2ZZ/log10_1000.mp4,0,4,3,3
304,A2WQKPQT9DHBJK,0.315789473684,0.315789473684,https://www.youtube.com/embed/t0untxpZAv0,0,4,2,3
305,A11UOM2LJ69AE7,1.0,0.947368421053,https://www.youtube.com/embed/t0untxpZAv0,0,4,3,3
306,A32Q6TNSAG4U3I,0.315789473684,0.210526315789,Videos/369J354OFD98YDKZAE5XQ1J01986GB/final%2Bupload.mp4,0,4,3,3
307,A77K8W55MJEKX,0.105263157895,0.315789473684,https://www.youtube.com/embed/TvTtOJ_cYVM,1,2,2,3
308,AZTCXU0TX6JRM,0.0526315789474,0.0526315789474,https://www.youtube.com/embed/TvTtOJ_cYVM,1,1,1,1
309,A2GG7HIO2OIXUR,0.210526315789,0.631578947368,Videos/3LRKMWOKB5GK7TW3D4HJLVIUWSO2ZZ/log10_1000.mp4,1,4,4,3
310,AQIRBIW11DAM1,0.0,0.0,https://www.youtube.com/embed/eafkjJPwfp4,1,3,2,2
311,A25X755IRWK2U5,0.0526315789474,0.0526315789474,https://www.youtube.com/embed/Q1xnNrq9Hh0,1,3,2,2
312,A1WYZXOTTP17YO,0.157894736842,0.105263157895,Videos/3VSOLARPKB8UMKA9D61PRHLTN6H39J/Math%2BSolve5.mp4,0,5,3,3
313,A2ETARP95NIALM,0.263157894737,0.0,https://www.youtube.com/embed/eafkjJPwfp4,1,4,3,3
314,A3HWJUL2SS2QNT,0.0526315789474,0.0,https://www.youtube.com/embed/eafkjJPwfp4,0,2,2,3
315,A257JIYGH4Z36M,0.368421052632,0.263157894737,https://www.youtube.com/embed/dsDh6cYWsfU,1,4,3,4
316,A249EWKM1EOARK,0.0526315789474,0.210526315789,Videos/3PXX5PX6LXXDUYORK5UV5VUPHDHBAW/10.m4v,1,4,2,2
317,A1IZ4NX41GKU4X,0.0,0.210526315789,Videos/3LRKMWOKB5GK7TW3D4HJLVIUWSO2ZZ/log10_1000.mp4,0,3,3,3
318,AMD1LYNQAH3R8,0.842105263158,0.947368421053,Videos/3GFK2QRXX9G8CVALK0ZAKYROZ4HW5I/logbase3of1.mp4,0,4,3,3
319,A1QRX4YCTC5ADW,0.105263157895,0.0526315789474,Videos/3PXX5PX6LXXDUYORK5UV5VUPHDHBAW/10.m4v,1,5,2,2
320,A3M4C5VPP7M4T1,0.105263157895,0.210526315789,Videos/3GFK2QRXX9G8CVALK0ZAKYROZ4HW5I/logbase3of1.mp4,1,4,2,2
321,ANF9YUVZ5ASE3,0.0,0.105263157895,https://www.youtube.com/embed/t0untxpZAv0,1,5,3,3
322,A2FF64MZ7SLJ96,0.894736842105,0.894736842105,https://www.youtube.com/embed/mfzhcBRKoEE,1,3,2,4
323,A255LLTBJM2NVR,0.263157894737,0.157894736842,https://www.youtube.com/embed/TvTtOJ_cYVM,1,4,3,3
324,A3TXLHC83TPLT5,0.368421052632,0.947368421053,Videos/3ZSANO2JCF677BM1672I9LFGILHSF0/LogMath12-22-2015.webm,1,4,3,3
325,A1U3G8JR7XNOYN,0.631578947368,0.789473684211,Videos/3PXX5PX6LXXDUYORK5UV5VUPHDHBAW/10.m4v,1,3,3,2
326,A1D3QRG52OISSR,0.526315789474,0.684210526316,Videos/3PXX5PX6LXXDUYORK5UV5VUPHDHBAW/10.m4v,0,2,1,1
327,A182YKPS46KE9F,0.210526315789,0.947368421053,https://www.youtube.com/embed/eafkjJPwfp4,0,4,4,3
328,A1R3TOM9FOX51D,0.0,0.105263157895,https://www.youtube.com/embed/dsDh6cYWsfU,1,4,3,3
329,A3GM1ALJEW98WN,0.157894736842,0.0526315789474,https://www.youtube.com/embed/Q1xnNrq9Hh0,0,1,1,1
330,A307VS56OQUU80,0.473684210526,0.263157894737,Videos/3NQL1CS15R7TZUK05SZB9T63NW6YV5/12.m4v,0,4,3,3
331,A2L7526AZHIS94,1.0,1.0,https://www.youtube.com/embed/t0untxpZAv0,0,4,3,3
332,A3PTFE5MJV5DU1,0.157894736842,0.105263157895,https://www.youtube.com/embed/b3C6N1ytVfE,1,4,2,3
333,APHF6Z7738OYK,0.0526315789474,0.0,https://www.youtube.com/embed/mfzhcBRKoEE,1,1,1,1
334,AA8PZKO9XGCKO,0.526315789474,0.631578947368,Videos/3HHRAGRYX84J893VW4LHFKJ4IUIO9Y/VID_20151221_154615.mp4,1,2,1,1
335,AE63GABJL0FGJ,0.684210526316,0.947368421053,https://www.youtube.com/embed/oo0IlwM4IJA,1,5,4,4
336,A1EXO9HRNQYHWC,0.315789473684,0.210526315789,https://www.youtube.com/embed/mfzhcBRKoEE,1,4,3,2
337,AI1MF6MS74XFY,0.631578947368,0.684210526316,https://www.youtube.com/embed/UH1wxKd_nT4,1,4,4,4
338,A2YSSM96QE9A4T,0.0,0.0,https://www.youtube.com/embed/Q1xnNrq9Hh0,1,3,2,2
339,A1PZ51LBRX8JUO,0.263157894737,0.473684210526,https://www.youtube.com/embed/UH1wxKd_nT4,1,4,3,3
340,A21SKPG3AVLBX3,0.0526315789474,0.157894736842,https://www.youtube.com/embed/oo0IlwM4IJA,0,1,1,1
341,A3R46O7W9BWZC,0.789473684211,0.894736842105,https://www.youtube.com/embed/TvTtOJ_cYVM,1,2,3,3
342,ATMC8APF2W5HN,0.368421052632,0.631578947368,https://www.youtube.com/embed/Q1xnNrq9Hh0,1,2,1,2
343,A1MRBBA2OLM223,0.526315789474,0.473684210526,Videos/3HHRAGRYX84J893VW4LHFKJ4IUIO9Y/VID_20151221_154615.mp4,1,1,2,1
344,A2BIL7Y1AL14X6,0.947368421053,0.789473684211,Videos/3PXX5PX6LXXDUYORK5UV5VUPHDHBAW/10.m4v,0,2,2,2
345,A2HZYWOCTLWJMP,0.105263157895,0.210526315789,Videos/3PXX5PX6LXXDUYORK5UV5VUPHDHBAW/10.m4v,1,3,2,2
346,A335DVY0ZVB023,0.421052631579,0.315789473684,https://www.youtube.com/embed/mfzhcBRKoEE,0,3,2,2
347,A2GREARJHXCC1S,0.0,0.0,https://www.youtube.com/embed/oo0IlwM4IJA,1,3,2,3
348,A3RU8YSS9D2LR2,0.526315789474,0.526315789474,https://www.youtube.com/embed/dsDh6cYWsfU,1,5,3,4
349,A1QQ2BCCH8ROW9,0.0,0.105263157895,https://www.youtube.com/embed/t0untxpZAv0,0,4,3,2
350,AT5YJD7SRZ8JG,0.263157894737,0.315789473684,https://www.youtube.com/embed/mfzhcBRKoEE,1,1,1,2
351,A1R3VX1KIZH9CP,0.0526315789474,0.421052631579,https://www.youtube.com/embed/mfzhcBRKoEE,1,4,3,2
352,A1RP4VP8SERN7N,0.263157894737,0.315789473684,https://www.youtube.com/embed/TvTtOJ_cYVM,1,2,2,2
353,A3ORNS0NYX7BQ5,0.105263157895,0.0,Videos/3NQL1CS15R7TZUK05SZB9T63NW6YV5/12.m4v,1,1,1,1
354,A3FAQHVPI8OUP0,0.210526315789,0.421052631579,https://www.youtube.com/embed/Q1xnNrq9Hh0,0,1,1,1
355,A37FQI6S9XARBT,0.105263157895,0.157894736842,Videos/3HHRAGRYX84J893VW4LHFKJ4IUIO9Y/VID_20151221_154615.mp4,1,3,1,2
356,AVTLWWC78O2VW,0.368421052632,0.315789473684,https://www.youtube.com/embed/Q1xnNrq9Hh0,1,1,1,1
357,A3LVLZS8S41ZD7,0.105263157895,0.0526315789474,Videos/3HHRAGRYX84J893VW4LHFKJ4IUIO9Y/VID_20151221_154615.mp4,1,2,1,1
358,A3IHRIDSTACFC6,0.736842105263,1.0,https://www.youtube.com/embed/mfzhcBRKoEE,2,4,3,3
359,A62RZY5BWOZZM,0.0526315789474,0.0526315789474,https://www.youtube.com/embed/oo0IlwM4IJA,0,1,1,1
360,A2DNEPVF6DTLGH,0.210526315789,0.473684210526,https://www.youtube.com/embed/oo0IlwM4IJA,0,4,3,4
361,A220IYK8HMQK38,0.210526315789,0.736842105263,https://www.youtube.com/embed/UH1wxKd_nT4,1,4,3,3
362,A3F8AXBIIGIR3A,0.0,0.105263157895,Videos/3NQL1CS15R7TZUK05SZB9T63NW6YV5/12.m4v,1,2,1,2
363,A3P7AXWF57BHNX,0.157894736842,0.263157894737,https://www.youtube.com/embed/b3C6N1ytVfE,1,4,3,3
364,AS1FX27IZDP8Q,0.105263157895,0.105263157895,https://www.youtube.com/embed/TvTtOJ_cYVM,0,4,3,2
365,A27LCUA35LPVM8,0.210526315789,0.315789473684,Videos/3NQL1CS15R7TZUK05SZB9T63NW6YV5/12.m4v,0,3,2,2
366,AOMFEAWQHU3D8,0.736842105263,0.894736842105,https://www.youtube.com/embed/b3C6N1ytVfE,1,4,3,3
367,A11DLGQTOOSIWR,1.0,0.894736842105,Videos/3HHRAGRYX84J893VW4LHFKJ4IUIO9Y/VID_20151221_154615.mp4,0,3,2,4
368,A1EPMMBGWO9XEM,0.421052631579,0.368421052632,https://www.youtube.com/embed/dsDh6cYWsfU,0,5,4,2
369,A3PAM78YZZC0S9,0.105263157895,0.526315789474,https://www.youtube.com/embed/eafkjJPwfp4,0,4,4,4
370,ATC53PJHYR7Q2,0.0,0.736842105263,https://www.youtube.com/embed/eafkjJPwfp4,1,3,2,3
371,A1QYORNO0GY308,0.421052631579,0.684210526316,Videos/3LRKMWOKB5GK7TW3D4HJLVIUWSO2ZZ/log10_1000.mp4,0,3,3,3
372,A20VGO2ZQZA7QH,0.736842105263,0.736842105263,https://www.youtube.com/embed/UH1wxKd_nT4,0,4,4,4
373,ACW6VML2UAMYC,0.894736842105,0.947368421053,https://www.youtube.com/embed/TvTtOJ_cYVM,1,2,3,2
374,A1FZUMTKH5X5YQ,0.105263157895,0.210526315789,https://www.youtube.com/embed/TvTtOJ_cYVM,1,1,1,2
375,A102QYBXJ71RGE,0.105263157895,0.105263157895,Videos/3NQL1CS15R7TZUK05SZB9T63NW6YV5/12.m4v,0,4,3,3
376,A1PLQGQ95NICAF,0.0526315789474,0.105263157895,Videos/3HHRAGRYX84J893VW4LHFKJ4IUIO9Y/VID_20151221_154615.mp4,0,2,1,2
377,A26MBDTQFO09BN,0.421052631579,0.736842105263,Videos/3GFK2QRXX9G8CVALK0ZAKYROZ4HW5I/logbase3of1.mp4,0,3,2,2
378,A23FL5IV3DA4NU,0.421052631579,0.473684210526,Videos/3PXX5PX6LXXDUYORK5UV5VUPHDHBAW/10.m4v,0,3,3,3
379,A2PIO2GSU91M51,0.368421052632,0.684210526316,https://www.youtube.com/embed/oo0IlwM4IJA,0,2,1,1
380,A21L42G2OPX94D,0.105263157895,0.105263157895,https://www.youtube.com/embed/UH1wxKd_nT4,1,4,2,3
381,A1UPJ64GJNJTRO,0.947368421053,0.947368421053,https://www.youtube.com/embed/oo0IlwM4IJA,0,2,3,3
382,AO0TFOOTUE7DI,0.526315789474,0.894736842105,https://www.youtube.com/embed/b3C6N1ytVfE,0,3,2,2
383,A256TEBRYMUPN2,0.0526315789474,0.263157894737,Videos/3NQL1CS15R7TZUK05SZB9T63NW6YV5/12.m4v,0,2,2,1
384,AMV1E7FFPVAW4,1.0,1.0,https://www.youtube.com/embed/UH1wxKd_nT4,1,3,3,2
385,A1R2N1TZKFPL1T,0.157894736842,0.263157894737,Videos/3LRKMWOKB5GK7TW3D4HJLVIUWSO2ZZ/log10_1000.mp4,1,4,3,3
386,AH31QLJ57XC8W,0.0526315789474,0.157894736842,Videos/3GFK2QRXX9G8CVALK0ZAKYROZ4HW5I/logbase3of1.mp4,1,4,2,3
387,A2V47R39QRBDR0,0.421052631579,0.684210526316,Videos/3NQL1CS15R7TZUK05SZB9T63NW6YV5/12.m4v,0,4,3,3
388,A1JB53JPYQ5Q5L,0.368421052632,0.578947368421,Videos/3PXX5PX6LXXDUYORK5UV5VUPHDHBAW/10.m4v,1,2,2,1
389,A33ZNGMLTODR70,0.210526315789,0.210526315789,https://www.youtube.com/embed/oo0IlwM4IJA,1,1,1,1
390,A2YWS4LU5ATI4Z,0.0526315789474,0.0,Videos/3NQL1CS15R7TZUK05SZB9T63NW6YV5/12.m4v,0,2,2,2
391,A3O96HG5GHTPF4,0.526315789474,0.368421052632,Videos/3LRKMWOKB5GK7TW3D4HJLVIUWSO2ZZ/log10_1000.mp4,1,3,3,2
392,A29RTM0C6FDCYW,0.947368421053,1.0,https://www.youtube.com/embed/UH1wxKd_nT4,1,2,2,3
393,AZ6M0MDK5U9N2,0.947368421053,1.0,https://www.youtube.com/embed/oo0IlwM4IJA,0,2,3,3
394,AJMXUF6G3KDLP,0.368421052632,0.421052631579,https://www.youtube.com/embed/t0untxpZAv0,0,4,3,3
395,A2VI55LKT5L4KB,0.0,0.0526315789474,https://www.youtube.com/embed/dsDh6cYWsfU,0,4,2,2
396,A3BDC8YBX9305W,0.894736842105,1.0,Videos/3VSOLARPKB8UMKA9D61PRHLTN6H39J/Math%2BSolve5.mp4,0,1,1,1
397,A1LQYE18LSZYXW,0.947368421053,1.0,https://www.youtube.com/embed/t0untxpZAv0,0,5,3,4
398,ALSJ5JQPC3A82,0.0,0.0526315789474,https://www.youtube.com/embed/TvTtOJ_cYVM,1,1,1,2
